CREATE DATABASE IF NOT EXISTS evaluasaurio CHARACTER SET utf8mb4 COLLATE utf8mb4_unicode_ci;
use evaluasaurio;
CREATE TABLE `subjects` (
  `id` int(11) NOT NULL AUTO_INCREMENT,
  `name` varchar(255) NOT NULL,
  `created_at` timestamp NULL DEFAULT current_timestamp(),
  PRIMARY KEY (`id`),
  UNIQUE KEY `name` (`name`)
) ENGINE=InnoDB AUTO_INCREMENT=697 DEFAULT CHARSET=utf8mb4 COLLATE=utf8mb4_unicode_ci;

CREATE TABLE `departments` (
  `id` int(11) NOT NULL AUTO_INCREMENT,
  `name` varchar(255) NOT NULL,
  `created_at` timestamp NULL DEFAULT current_timestamp(),
  PRIMARY KEY (`id`)
) ENGINE=InnoDB AUTO_INCREMENT=8 DEFAULT CHARSET=utf8mb4 COLLATE=utf8mb4_unicode_ci;

CREATE TABLE `teachers` (
  `id` int(11) NOT NULL AUTO_INCREMENT,
  `name` varchar(255) NOT NULL,
  `apellido_paterno` varchar(255) NOT NULL,
  `apellido_materno` varchar(255) NOT NULL,
  `sexo` varchar(255) NOT NULL,
  `department_id` int(11) DEFAULT NULL,
  `created_at` timestamp NULL DEFAULT current_timestamp(),
  PRIMARY KEY (`id`),
  KEY `department_id` (`department_id`),
  CONSTRAINT `teachers_ibfk_1` FOREIGN KEY (`department_id`) REFERENCES `departments` (`id`)
) ENGINE=InnoDB AUTO_INCREMENT=234 DEFAULT CHARSET=utf8mb4 COLLATE=utf8mb4_unicode_ci;

CREATE TABLE `califications_to_teacher` (
  `id` int(11) NOT NULL AUTO_INCREMENT,
  `teacher_id` int(11) DEFAULT NULL,
  `opinion` text NOT NULL,
  `keywords` text NOT NULL,
  `score` decimal(3,1) NOT NULL,
  `materia_id` int(11) DEFAULT NULL,
  `user_fingerprint` varchar(255) NOT NULL,
  `created_at` timestamp NULL DEFAULT current_timestamp(),
  PRIMARY KEY (`id`),
  KEY `teacher_id` (`teacher_id`),
  CONSTRAINT `califications_to_teacher_ibfk_1` FOREIGN KEY (`teacher_id`) REFERENCES `teachers` (`id`)
) ENGINE=InnoDB AUTO_INCREMENT=81 DEFAULT CHARSET=utf8mb4 COLLATE=utf8mb4_unicode_ci;


CREATE TABLE `teacher_requests` (
  `id` int(11) NOT NULL AUTO_INCREMENT,
  `name` varchar(255) NOT NULL,
  `apellido_paterno` varchar(255) NOT NULL,
  `apellido_materno` varchar(255) NOT NULL,
  `sexo` varchar(255) NOT NULL,
  `department_id` int(11) DEFAULT NULL,
  `email` varchar(255) DEFAULT NULL,
  `status` enum('pendiente','aprobado','rechazado') DEFAULT 'pendiente',
  `created_at` timestamp NULL DEFAULT current_timestamp(),
  PRIMARY KEY (`id`),
  KEY `department_id` (`department_id`)
) ENGINE=InnoDB AUTO_INCREMENT=12 DEFAULT CHARSET=utf8mb4 COLLATE=utf8mb4_uca1400_ai_ci;

CREATE TABLE `subject_requests` (
  `id` int(11) NOT NULL AUTO_INCREMENT,
  `name` varchar(255) NOT NULL,
  `description` varchar(500) DEFAULT NULL,
  `status` enum('pendiente','aprobado','rechazado') DEFAULT 'pendiente',
  `created_at` timestamp NULL DEFAULT current_timestamp(),
  PRIMARY KEY (`id`)
) ENGINE=InnoDB AUTO_INCREMENT=3 DEFAULT CHARSET=utf8mb4 COLLATE=utf8mb4_unicode_ci;

INSERT INTO `departments` VALUES
(1,'Ciencias básicas','2025-08-12 07:32:08'),
(2,'Ciencias económico-administrativas','2025-08-12 07:32:08'),
(3,'Industrial y logística','2025-08-12 07:32:08'),
(4,'Metal mecánica','2025-08-12 07:32:08'),
(5,'Sistemas y computación','2025-08-12 07:32:08'),
(6,'Posgrado e investigación','2025-08-12 07:32:08'),
(7,'Honorarios','2025-08-19 03:59:29');

INSERT INTO `subjects` VALUES
(162,'Cálculo Diferencial','2025-08-19 16:45:00'),
(163,'Cálculo Integral','2025-08-19 16:45:00'),
(164,'Cálculo Vectorial','2025-08-19 16:45:00'),
(165,'Álgebra Lineal','2025-08-19 16:45:00'),
(166,'Probabilidad y Estadística','2025-08-19 16:45:00'),
(167,'Estadística Inferencial I','2025-08-19 16:45:00'),
(168,'Estadística Inferencial II','2025-08-19 16:45:00'),
(169,'Física','2025-08-19 16:45:00'),
(170,'Química','2025-08-19 16:45:00'),
(171,'Fundamentos de Investigación','2025-08-19 16:45:00'),
(172,'Taller de Investigación I','2025-08-19 16:45:00'),
(173,'Taller de Investigación II','2025-08-19 16:45:00'),
(174,'Taller de Ética','2025-08-19 16:45:00'),
(175,'Taller de Liderazgo','2025-08-19 16:45:00'),
(176,'Desarrollo Sustentable','2025-08-19 16:45:00'),
(177,'Dibujo Industrial','2025-08-19 16:45:00'),
(178,'Diseño Asistido por Computadora','2025-08-19 16:45:00'),
(179,'Electricidad y Electrónica Industrial','2025-08-19 16:45:00'),
(180,'Metrología y Normalización','2025-08-19 16:45:00'),
(181,'Propiedad de los Materiales','2025-08-19 16:45:00'),
(182,'Procesos de Fabricación','2025-08-19 16:45:00'),
(183,'Economía','2025-08-19 16:45:00'),
(184,'Mercadotecnia','2025-08-19 16:45:00'),
(185,'Relaciones Industriales','2025-08-19 16:45:00'),
(186,'Administración de Operaciones I','2025-08-19 16:45:00'),
(187,'Administración de Operaciones II','2025-08-19 16:45:00'),
(188,'Planeación Financiera','2025-08-19 16:45:00'),
(189,'Formulación y Evaluación de Proyectos','2025-08-19 16:45:00'),
(190,'Gestión de Costos','2025-08-19 16:45:00'),
(191,'Ingeniería Económica','2025-08-19 16:45:00'),
(192,'Investigación de Operaciones I','2025-08-19 16:45:00'),
(193,'Investigación de Operaciones II','2025-08-19 16:45:00'),
(194,'Simulación','2025-08-19 16:45:00'),
(195,'Logística y Cadena de Suministro','2025-08-19 16:45:00'),
(196,'Administración de Proyectos','2025-08-19 16:45:00'),
(197,'Control Total','2025-08-19 16:45:00'),
(198,'Ingeniería de Sistemas','2025-08-19 16:45:00'),
(199,'Sistemas de Manufactura','2025-08-19 16:45:00'),
(200,'Sistemas de Manufactura Automatizada','2025-08-19 16:45:00'),
(201,'Automatización de Procesos de Manufactura','2025-08-19 16:45:00'),
(202,'Robótica Industrial','2025-08-19 16:45:00'),
(203,'Controladores Lógicos Programables','2025-08-19 16:45:00'),
(204,'Sistemas Neumáticos e Hidráulicos','2025-08-19 16:45:00'),
(205,'Manufactura Flexible','2025-08-19 16:45:00'),
(206,'Control Estadístico de la Calidad','2025-08-19 16:45:00'),
(207,'Gestión de los Sistemas de Calidad','2025-08-19 16:45:00'),
(208,'Medición y Mejoramiento de la Productividad','2025-08-19 16:45:00'),
(209,'Core Tool I','2025-08-19 16:45:00'),
(210,'Core Tool II','2025-08-19 16:45:00'),
(211,'Higiene y Seguridad Industrial','2025-08-19 16:45:00'),
(212,'Ergonomía','2025-08-19 16:45:00'),
(213,'Análisis de la Realidad Nacional','2025-08-19 16:45:00'),
(214,'Integración Nacional','2025-08-19 16:45:00'),
(215,'Desarrollo Organizacional','2025-08-19 16:45:00'),
(216,'Tecnología y Taller I','2025-08-19 16:45:00'),
(217,'Tecnología y Taller II','2025-08-19 16:45:00'),
(218,'Taller de Herramental','2025-08-19 16:45:00'),
(219,'Diseño y Modelado','2025-08-19 16:45:00'),
(220,'Taller de Mercadotecnia Internacional','2025-08-19 16:45:00'),
(221,'Fiscal','2025-08-19 16:45:00'),
(222,'Transferencia de Manufactura','2025-08-19 16:45:00'),
(223,'Responsabilidad Profesional','2025-08-19 16:45:00'),
(224,'Herramientas de Manufactura Aplicada','2025-08-19 16:45:00'),
(225,'Core Tools I','2025-08-19 16:45:00'),
(226,'Temas Selectos de Manufactura','2025-08-19 16:45:00'),
(227,'Residencia Profesional','2025-08-19 16:45:00'),
(228,'Servicio Social','2025-08-19 16:45:00'),
(229,'Actividades Complementarias','2025-08-19 16:45:00'),
(361,'Ecuaciones Diferenciales','2025-08-19 16:55:21'),
(362,'Graficación','2025-08-19 16:55:21'),
(363,'Lenguajes y Autómatas I','2025-08-19 16:55:21'),
(364,'Lenguajes y Autómatas II','2025-08-19 16:55:21'),
(365,'Programación Lógica y Funcional','2025-08-19 16:55:21'),
(366,'Inteligencia Artificial','2025-08-19 16:55:21'),
(367,'Fundamentos de Programación','2025-08-19 16:55:21'),
(368,'Contabilidad Financiera','2025-08-19 16:55:21'),
(369,'Cultura Empresarial','2025-08-19 16:55:21'),
(370,'Tópicos Avanzados de Programación','2025-08-19 16:55:21'),
(371,'Sistemas Operativos','2025-08-19 16:55:21'),
(372,'Taller de Sistemas Operativos','2025-08-19 16:55:21'),
(373,'Matemáticas Discretas','2025-08-19 16:55:21'),
(374,'Investigación de Operaciones','2025-08-19 16:55:21'),
(375,'Fundamentos de Base de Datos','2025-08-19 16:55:21'),
(376,'Taller de Base de Datos','2025-08-19 16:55:21'),
(377,'Administración de Base de Datos','2025-08-19 16:55:21'),
(378,'Taller de Administración','2025-08-19 16:55:21'),
(379,'Fundamentos de Ingeniería de Software','2025-08-19 16:55:21'),
(380,'Ingeniería de Software','2025-08-19 16:55:21'),
(381,'Gestión de Proyectos de Software','2025-08-19 16:55:21'),
(382,'Programación Web','2025-08-19 16:55:21'),
(383,'Física General','2025-08-19 16:55:21'),
(384,'Principios Eléctricos y Aplicaciones Digitales','2025-08-19 16:55:21'),
(385,'Arquitectura de Computadoras','2025-08-19 16:55:21'),
(386,'Lenguajes de Interfaz','2025-08-19 16:55:21'),
(387,'Sistemas Programables','2025-08-19 16:55:21'),
(388,'Fundamentos de Seguridad','2025-08-19 16:55:21'),
(389,'Gestión de Acciones en Bolsas','2025-08-19 16:55:21'),
(390,'Inteligencia de negocios','2025-08-19 16:55:21'),
(391,'Tutor de bases de datos','2025-08-19 16:55:21'),
(392,'Servicio en la empresa','2025-08-19 16:55:21'),
(393,'Programación algorítmica y lógica','2025-08-19 16:55:21'),
(394,'Estructura de Datos','2025-08-19 16:55:21'),
(395,'Técnica Automática de Programación','2025-08-19 16:55:21'),
(396,'Distribución de máxima','2025-08-19 16:55:21'),
(397,'Entendimiento para aplicación','2025-08-19 16:55:21'),
(398,'Tutor de Administración','2025-08-19 16:55:21'),
(399,'Métodos Numéricos','2025-08-19 16:55:21'),
(400,'Tutor de Sistemas Operativos','2025-08-19 16:55:21'),
(401,'Tutor de Investigación','2025-08-19 16:55:21'),
(402,'Fundamentos de Telecomunicación','2025-08-19 16:55:21'),
(403,'Redes de Computadora','2025-08-19 16:55:21'),
(404,'Comunicación de Datos','2025-08-19 16:55:21'),
(406,'Tutor de Ética','2025-08-19 16:55:21'),
(407,'Proyecto Básico y Arte Digital','2025-08-19 16:55:21'),
(409,'Sistemas Programados','2025-08-19 16:55:21'),
(410,'Administración de Redes','2025-08-19 16:55:21'),
(411,'Programación orientada a objetos','2025-08-19 16:55:21'),
(412,'Conmutación y Enrutamiento de Redes de Datos','2025-08-19 16:55:21'),
(413,'Lingüística Computacional','2025-08-19 16:55:21'),
(414,'Machine Learning','2025-08-19 16:55:21'),
(415,'Softcomputing','2025-08-19 16:55:21'),
(416,'Introducción a la Computación Cuántica','2025-08-19 16:55:21'),
(417,'Matemáticas Aplicadas a Comunicaciones','2025-08-19 16:58:28'),
(418,'Análisis de Señales y Sistemas de Comunicación','2025-08-19 16:58:28'),
(419,'Telecomunicaciones','2025-08-19 16:58:28'),
(420,'Programación II de Proyectos','2025-08-19 16:58:28'),
(421,'Redes Emergentes','2025-08-19 16:58:28'),
(422,'Administración y Seguridad de Redes','2025-08-19 16:58:28'),
(423,'Especialidad','2025-08-19 16:58:28'),
(424,'Auditoría en Tecnologías de la Información','2025-08-19 16:58:28'),
(425,'Ingeniería del Conocimiento','2025-08-19 16:58:28'),
(426,'Negocios Electrónicos I','2025-08-19 16:58:28'),
(427,'Introducción a las TIC\'s','2025-08-19 16:58:28'),
(428,'Administración General','2025-08-19 16:58:28'),
(429,'Programación II','2025-08-19 16:58:28'),
(430,'Estructura y Organización de Datos','2025-08-19 16:58:28'),
(431,'Matemáticas Discretas II','2025-08-19 16:58:28'),
(432,'Administración Gerencial','2025-08-19 16:58:28'),
(433,'Base de Datos Distribuidas','2025-08-19 16:58:28'),
(434,'Electricidad y Magnetismo','2025-08-19 16:58:28'),
(435,'Circuitos Eléctricos y Electrónicos','2025-08-19 16:58:28'),
(436,'Matemáticas Para la Toma de Decisiones','2025-08-19 16:58:28'),
(437,'Taller de Ingeniería de Software','2025-08-19 16:58:28'),
(438,'Fundamentos de Redes','2025-08-19 16:58:28'),
(439,'Tecnologías Inalámbricas','2025-08-19 16:58:28'),
(440,'Desarrollo de Aplicaciones para Dispositivos Móviles','2025-08-19 16:58:28'),
(441,'Desarrollo de Emprendedores','2025-08-19 16:58:28'),
(442,'Negocios Electrónicos II','2025-08-19 16:58:28'),
(443,'Residencias','2025-08-19 16:58:28'),
(444,'Administración de servidores','2025-08-19 16:58:28'),
(445,'Virtualización & IoT','2025-08-19 16:58:28'),
(446,'Seguridad Informática','2025-08-19 16:58:28'),
(447,'Interacción Humano Computadora','2025-08-19 16:58:28'),
(448,'Gestión de Sistemas VoIP','2025-08-19 16:58:28'),
(449,'Estrategias de Gestión de Serv. De TI','2025-08-19 16:58:28'),
(450,'Seminario de innovación de procesos','2025-08-19 17:01:35'),
(451,'Calidad aplicada a la gestión empresarial II','2025-08-19 17:01:35'),
(452,'Seminario de consultoría organizacional','2025-08-19 17:01:35'),
(453,'Gestión del conocimiento','2025-08-19 17:01:35'),
(454,'Seminario de calidad','2025-08-19 17:01:35'),
(455,'Seminario de gestión estratégica','2025-08-19 17:01:35'),
(456,'Estrategias financieras y costos de calidad','2025-08-19 17:01:35'),
(457,'Entorno Macroeconómico','2025-08-19 17:01:35'),
(458,'Economía Empresarial','2025-08-19 17:01:35'),
(459,'Fundamentos de Física','2025-08-19 17:01:35'),
(460,'Cadena de Suministros','2025-08-19 17:01:35'),
(461,'Gestión de la Producción II','2025-08-19 17:01:35'),
(462,'Gestión de la Producción I','2025-08-19 17:01:35'),
(463,'Ingeniería de Procesos','2025-08-19 17:01:35'),
(464,'Instrumentos de Presupuestación Empresarial','2025-08-19 17:01:35'),
(465,'Costos Empresariales','2025-08-19 17:01:35'),
(466,'Contabilidad Orientada a los Negocios','2025-08-19 17:01:35'),
(467,'Desarrollo Humano','2025-08-19 17:01:35'),
(468,'Calidad Aplicada a la Gestión Empresarial','2025-08-19 17:01:35'),
(469,'Dinámica Social','2025-08-19 17:01:35'),
(470,'Software de Aplicación Ejecutivo','2025-08-19 17:01:35'),
(471,'Marco Legal de las Organizaciones','2025-08-19 17:01:35'),
(472,'Finanzas en las Organizaciones','2025-08-19 17:01:35'),
(473,'Administración de la Salud y Seguridad Ocupacional','2025-08-19 17:01:35'),
(474,'Probabilidad y Estadística Descriptiva','2025-08-19 17:01:35'),
(475,'El Emprendedor y la Innovación','2025-08-19 17:01:35'),
(476,'Fundamentos de Gestión Empresarial','2025-08-19 17:01:35'),
(477,'Habilidades Directivas I','2025-08-19 17:01:35'),
(478,'Habilidades Directivas II','2025-08-19 17:01:35'),
(479,'Gestión del Capital Humano','2025-08-19 17:01:35'),
(480,'Diseño Organizacional','2025-08-19 17:01:35'),
(481,'Fundamentos de Química','2025-08-19 17:01:35'),
(482,'Legislación Laboral','2025-08-19 17:01:35'),
(483,'Sistemas de Información de Mercadotecnia','2025-08-19 17:01:35'),
(484,'Mercadotecnia Electrónica','2025-08-19 17:01:35'),
(485,'Gestión Estratégica','2025-08-19 17:01:35'),
(486,'Innovación de Procesos','2025-08-19 17:01:35'),
(542,'Circuitos Eléctricos II','2025-08-19 17:06:35'),
(543,'Control I','2025-08-19 17:06:35'),
(544,'Control II','2025-08-19 17:06:35'),
(545,'Control Digital','2025-08-19 17:06:35'),
(546,'Desarrollo y Evaluación de Proyectos','2025-08-19 17:06:35'),
(547,'Mecánica Clásica','2025-08-19 17:06:35'),
(548,'Electromagnetismo','2025-08-19 17:06:35'),
(549,'Circuitos Eléctricos I','2025-08-19 17:06:35'),
(550,'Diodos y Transistores','2025-08-19 17:06:35'),
(551,'Diseño con Transistores','2025-08-19 17:06:35'),
(552,'Amplificadores Operacionales','2025-08-19 17:06:35'),
(553,'Marco Legal de la Empresa','2025-08-19 17:06:35'),
(554,'Teoría Electromagnética','2025-08-19 17:06:35'),
(555,'Fundamentos Financieros','2025-08-19 17:06:35'),
(556,'Instrumentación','2025-08-19 17:06:35'),
(557,'Electrónica de Potencia','2025-08-19 17:06:35'),
(558,'Mediciones Eléctricas','2025-08-19 17:06:35'),
(559,'Física de Semiconductores','2025-08-19 17:06:35'),
(560,'Análisis Numérico','2025-08-19 17:06:35'),
(561,'Máquinas Eléctricas','2025-08-19 17:06:35'),
(562,'Microcontroladores','2025-08-19 17:06:35'),
(563,'Optoelectrónica','2025-08-19 17:06:35'),
(564,'Tópicos Selectos de Física','2025-08-19 17:06:35'),
(565,'Programación Estructurada','2025-08-19 17:06:35'),
(566,'Diseño Digital','2025-08-19 17:06:35'),
(567,'Diseño Digital con VHDL','2025-08-19 17:06:35'),
(568,'Introducción a las Telecomunicaciones','2025-08-19 17:06:35'),
(569,'Comunicación Humana','2025-08-19 17:06:35'),
(570,'Desarrollo Profesional','2025-08-19 17:06:35'),
(571,'Programación Visual','2025-08-19 17:06:35'),
(602,'Estática','2025-08-19 17:09:03'),
(603,'Introducción a la Programación','2025-08-19 17:09:03'),
(604,'Descargos y Supervisión','2025-08-19 17:09:03'),
(605,'Tecnología de los Materiales','2025-08-19 17:09:03'),
(606,'Objeto Electromecánico','2025-08-19 17:09:03'),
(607,'Dinámica','2025-08-19 17:09:03'),
(608,'Análisis y Síntesis de Mecanismos','2025-08-19 17:09:03'),
(609,'Diseño de Elementos de Máquinas','2025-08-19 17:09:03'),
(610,'Diseño e Ingeniería Asistidos por Computadoras','2025-08-19 17:09:03'),
(611,'Transferencia de Calor','2025-08-19 17:09:03'),
(612,'Análisis de Circuitos Eléctricos de CD','2025-08-19 17:09:03'),
(613,'Sistemas y Máquinas de Fluidos','2025-08-19 17:09:03'),
(614,'Electrónica Analógica','2025-08-19 17:09:03'),
(615,'Administración y Técnicas de Mantenimiento','2025-08-19 17:09:03'),
(616,'Refrigeración y Aire Acondicionado','2025-08-19 17:09:03'),
(617,'Sistemas Eléctricos de Potencia','2025-08-19 17:09:03'),
(618,'Controles Eléctricos','2025-08-19 17:09:03'),
(619,'Ingeniería de Control Clásico','2025-08-19 17:09:03'),
(620,'Electrónica de Potencia Aplicada','2025-08-19 17:11:35'),
(621,'Dinámica de Sistemas','2025-08-19 17:11:35'),
(622,'Control','2025-08-19 17:11:35'),
(623,'Robótica','2025-08-19 17:11:35'),
(624,'Fundamentos de Termodinámica','2025-08-19 17:11:35'),
(625,'Manufactura Avanzada','2025-08-19 17:11:35'),
(626,'Ciencia e Ingeniería de Materiales','2025-08-19 17:11:35'),
(627,'Mecánica de Materiales','2025-08-19 17:11:35'),
(628,'Mecanismos','2025-08-19 17:11:35'),
(629,'Diseño de Elementos Mecánicos','2025-08-19 17:11:35'),
(630,'Circuitos Hidráulicos y Neumáticos','2025-08-19 17:11:35'),
(631,'Dibujo Asistido por Computadora','2025-08-19 17:11:35'),
(632,'Programación Básica','2025-08-19 17:11:35'),
(633,'Análisis de Fluidos','2025-08-19 17:11:35'),
(634,'Electrónica Digital','2025-08-19 17:11:35'),
(635,'Mantenimiento','2025-08-19 17:11:35'),
(636,'Estadística y Control de Calidad','2025-08-19 17:11:35'),
(637,'Análisis de Circuitos Eléctricos','2025-08-19 17:11:35'),
(638,'Vibraciones Mecánicas','2025-08-19 17:11:35'),
(639,'Administración y Contabilidad','2025-08-19 17:11:35'),
(640,'Programación Avanzada','2025-08-19 17:11:35'),
(665,'Introducción a la Ingeniería en Logística','2025-08-19 17:13:00'),
(666,'Cadena de Suministro','2025-08-19 17:13:00'),
(667,'Compras','2025-08-19 17:13:00'),
(668,'Almacenes','2025-08-19 17:13:00'),
(669,'Tráfico y Transporte','2025-08-19 17:13:00'),
(670,'Servicio al Cliente','2025-08-19 17:13:00'),
(671,'Innovación','2025-08-19 17:13:00'),
(672,'Tipología del Producto','2025-08-19 17:13:00'),
(673,'Inventarios','2025-08-19 17:13:00'),
(674,'Cultura de Calidad','2025-08-19 17:13:00'),
(675,'Programación de Procesos Productivos','2025-08-19 17:13:00'),
(676,'Fundamentos de Administración','2025-08-19 17:13:00'),
(677,'Desarrollo Humano y Organizacional','2025-08-19 17:13:00'),
(678,'Fundamentos de Derecho','2025-08-19 17:13:00'),
(679,'Entorno Económico','2025-08-19 17:13:00'),
(680,'Higiene y Seguridad','2025-08-19 17:13:00'),
(681,'Legislación Aduanera','2025-08-19 17:13:00'),
(682,'Comercio Internacional','2025-08-19 17:13:00'),
(683,'Tópicos de Ingeniería Mecánica','2025-08-19 17:13:00'),
(684,'Procesos de Fabricación y Manejo de Materiales','2025-08-19 17:13:00'),
(685,'Contabilidad y Costos','2025-08-19 17:13:00'),
(686,'Empaque, Envase y Embalaje','2025-08-19 17:13:00'),
(687,'Geografía para el Transporte','2025-08-19 17:13:00'),
(688,'Probabilidad y estadística MCC','2025-08-19 17:13:09'),
(689,'Introducción a la Inteligencia Artificial MCC','2025-08-19 17:13:09'),
(690,'Seminario de Investigación MCC','2025-08-19 17:13:09'),
(691,'Matemáticas Discretas MCC','2025-08-19 17:13:09'),
(692,'Teoría de la Computación MCC','2025-08-19 17:13:09'),
(693,'Robótica MCC','2025-08-19 17:13:09'),
(694,'Redes Neuronales MCC','2025-08-19 17:13:09'),
(695,'Programación Heurística MCC','2025-08-19 17:13:09'),
(696,'Temas Selectos MCC','2025-08-19 17:13:09');


INSERT INTO `teachers` VALUES
(1,'Roberto','Barrón','Ríos','Masculino',1,'2025-08-12 07:32:08'),
(2,'Yuliana','Calderón','Hermosillo','Femenino',1,'2025-08-12 07:32:08'),
(3,'María del Carmen Virginia','Cervantes','Salgado','Femenino',1,'2025-08-12 07:32:08'),
(4,'Ramón','Díaz','Hernández','Masculino',1,'2025-08-12 07:32:08'),
(5,'Luis','García','Márquez','Masculino',1,'2025-08-12 07:32:08'),
(6,'José Alfredo','Gasca','González','Masculino',1,'2025-08-12 07:32:08'),
(7,'Héctor Federico','Godínez','Cabrera','Masculino',1,'2025-08-12 07:32:08'),
(8,'Francisco Alfredo','Granados','Ramírez','Masculino',1,'2025-08-12 07:32:08'),
(9,'Brenda Rosario','Hernández','Palafox','Femenino',1,'2025-08-12 07:32:08'),
(10,'José Fernando','Hernández','Rodríguez','Masculino',1,'2025-08-12 07:32:08'),
(11,'Ivett Adriana','Hidalgo','Montenegro','Femenino',1,'2025-08-12 07:32:08'),
(12,'Myriam Aidee','Huizar','Kolldell','Femenino',1,'2025-08-12 07:32:08'),
(13,'Rogelio','Infante','Medina','Masculino',1,'2025-08-12 07:32:08'),
(14,'Flor Karina','Juárez','Cárdenas','Femenino',1,'2025-08-12 07:32:08'),
(15,'Antonio','Lona','Gámez','Masculino',1,'2025-08-12 07:32:08'),
(16,'J. Félix','López','Rocha','Masculino',1,'2025-08-12 07:32:08'),
(17,'Denisse','Medina','López','Femenino',1,'2025-08-12 07:32:08'),
(18,'Omar Felipe','Ortega','Martínez','Masculino',1,'2025-08-12 07:32:08'),
(19,'Luis Carlos','Padierna','García','Masculino',1,'2025-08-12 07:32:08'),
(20,'Juan de Dios','Paz','Salinas','Masculino',1,'2025-08-12 07:32:08'),
(21,'Luz María Trinidad','Pérez','Alvarado','Femenino',1,'2025-08-12 07:32:08'),
(22,'Graciano','Ramírez','Bravo','Masculino',1,'2025-08-12 07:32:08'),
(23,'Joel','Rico','Pérez','Masculino',1,'2025-08-12 07:32:08'),
(24,'Eduardo','Rodríguez','Argüello','Masculino',1,'2025-08-12 07:32:08'),
(25,'Mónica De Los Dolores','Rodríguez','Chávez','Femenino',1,'2025-08-12 07:32:08'),
(26,'Rodolfo','Rodríguez','Padilla','Masculino',1,'2025-08-12 07:32:08'),
(27,'Saúl','Ruiz','Berbena','Masculino',1,'2025-08-12 07:32:08'),
(28,'Manuel','Sambrano','Sánchez','Masculino',1,'2025-08-12 07:32:08'),
(29,'José Ramón','Tapia','Torres','Masculino',1,'2025-08-12 07:32:08'),
(30,'Rubén','Trujillo','Corona','Masculino',1,'2025-08-12 07:32:08'),
(31,'Iván','Vigueras','Montaño','Masculino',1,'2025-08-12 07:32:08'),
(32,'Leonel Alejandro','Villanueva','Ríos','Masculino',1,'2025-08-12 07:32:08'),
(33,'José Luis','Villanueva','Rodríguez','Masculino',1,'2025-08-12 07:32:08'),
(34,'Rafael','Rodríguez','Gallegos','Masculino',1,'2025-08-12 07:32:08'),
(35,'Analía','Zamudio','Carrera','Femenino',2,'2025-08-12 07:32:08'),
(36,'Annel Asminy','Ramos','Gándara','Femenino',2,'2025-08-12 07:32:08'),
(37,'César Agustín','Arroyo','Rico','Masculino',2,'2025-08-12 07:32:08'),
(38,'Humberto','León','López','Masculino',2,'2025-08-12 07:32:08'),
(39,'Ma. Isabel Cristina','Cárdenas','Salazar','Femenino',2,'2025-08-12 07:32:08'),
(40,'Ismael','Bustos','Razo','Masculino',2,'2025-08-12 07:32:08'),
(41,'Jorge','Alfaro','Gómez','Masculino',2,'2025-08-12 07:32:08'),
(42,'José Antonio','Donato','Montiel','Masculino',2,'2025-08-12 07:32:08'),
(43,'Julio César','González','Sánchez','Masculino',2,'2025-08-12 07:32:08'),
(44,'Mariana Guadalupe','García','Vargas','Femenino',2,'2025-08-12 07:32:08'),
(45,'Mario','Rocha','Hernández','Masculino',2,'2025-08-12 07:32:08'),
(46,'Adriana Edurne','Macías','García','Femenino',2,'2025-08-12 07:32:08'),
(47,'Ma. de los Ángeles','Gómez','Castro','Femenino',2,'2025-08-12 07:32:08'),
(48,'Martha Beatriz','López','Mena','Femenino',2,'2025-08-12 07:32:08'),
(49,'Carla Patricia','Ordaz','Picón','Femenino',2,'2025-08-12 07:32:08'),
(50,'Celia','Ibarra','Díaz','Femenino',2,'2025-08-12 07:32:08'),
(51,'Claudia Araceli','Caudillo','Peñaflor','Femenino',2,'2025-08-12 07:32:08'),
(52,'Claudia Leticia','Díaz','González','Femenino',2,'2025-08-12 07:32:08'),
(53,'Daniel Arturo','Olivares','Vera','Masculino',2,'2025-08-12 07:32:08'),
(54,'Ma. Eugenia','Pérez','Parra','Femenino',2,'2025-08-12 07:32:08'),
(55,'Fabiola Hilda Esther','Mares','Rodríguez','Femenino',2,'2025-08-12 07:32:08'),
(56,'Gustavo Adolfo','Rodríguez','Muñoz','Masculino',2,'2025-08-12 07:32:08'),
(57,'Jesús Ernesto','De La Rosa','García','Masculino',2,'2025-08-12 07:32:08'),
(58,'José','Hurtado','Martínez','Masculino',2,'2025-08-12 07:32:08'),
(59,'José Luis','Pérez','Torres','Masculino',2,'2025-08-12 07:32:08'),
(60,'Karina','Estrada','Tolentino','Femenino',2,'2025-08-12 07:32:08'),
(61,'Laura','López','Vela','Femenino',2,'2025-08-12 07:32:08'),
(62,'Silvia','Villalpando','Contreras','Femenino',2,'2025-08-12 07:32:08'),
(63,'Liliana','Sánchez','Vázquez','Femenino',2,'2025-08-12 07:32:08'),
(64,'Ma. De Lourdes Esther','Rodríguez','Bueno Cervantes','Femenino',2,'2025-08-12 07:32:08'),
(65,'María Guadalupe','Barrón','Guadalupe','Femenino',2,'2025-08-12 07:32:08'),
(66,'Ma. Guadalupe','Nila','Reyes','Femenino',2,'2025-08-12 07:32:08'),
(67,'Ma. Del Carmen','Villalpando','Valadez','Femenino',2,'2025-08-12 07:32:08'),
(68,'Martha Beatriz','González','Nava','Femenino',2,'2025-08-12 07:32:08'),
(69,'Martín','Martínez','Espinoza','Masculino',2,'2025-08-12 07:32:08'),
(70,'Miguel Ángel','Rodríguez','Anguiano','Masculino',2,'2025-08-12 07:32:08'),
(71,'Libia Nidia Nayeli','Martínez','Aguilar','Femenino',2,'2025-08-12 07:32:08'),
(72,'Nelly Guadalupe','Ramírez','Gómez','Femenino',2,'2025-08-12 07:32:08'),
(73,'María Noemí','Albarrán','Granados','Femenino',2,'2025-08-12 07:32:08'),
(74,'Patricia','Quintero','Márquez','Femenino',2,'2025-08-12 07:32:08'),
(75,'Pedro','Galindo','Peña','Masculino',2,'2025-08-12 07:32:08'),
(76,'Petra','Sandoval','Flores','Femenino',2,'2025-08-12 07:32:08'),
(77,'Raquel','Alatorre','Herrera','Femenino',2,'2025-08-12 07:32:08'),
(78,'Rene','Álvarez','Aguirre','Masculino',2,'2025-08-12 07:32:08'),
(79,'Rolando','Álvarez','Aguirre','Masculino',2,'2025-08-12 07:32:08'),
(80,'Rosa Ma.','Álvarez','Aguirre','Femenino',2,'2025-08-12 07:32:08'),
(81,'Silvia Guadalupe','Ruiz','Palacio','Femenino',2,'2025-08-12 07:32:08'),
(82,'Silvia Yasmín','Macías','García','Femenino',2,'2025-08-12 07:32:08'),
(83,'Silvina Lucia','López','Villagómez','Femenino',2,'2025-08-12 07:32:08'),
(84,'Virginia','Rodríguez','Moreno','Femenino',2,'2025-08-12 07:32:08'),
(86,'José','Hurtado','Martínez','Masculino',2,'2025-08-12 07:32:08'),
(87,'Miguel Ángel','Ortiz','Gaucín','Masculino',2,'2025-08-12 07:32:08'),
(88,'José Fernando','Aguiñaga','Rodríguez','Masculino',3,'2025-08-12 07:32:08'),
(89,'Jesús Eduardo','Aldape','','Masculino',3,'2025-08-12 07:32:08'),
(90,'Yaret Viridiana','Alonso','Rangel','Femenino',3,'2025-08-12 07:32:08'),
(91,'José Luis','Araiza','Guzmán','Masculino',3,'2025-08-12 07:32:08'),
(92,'Oscar Armando','Calcanas','Lerma','Masculino',3,'2025-08-12 07:32:08'),
(93,'María Lorena','Cázares','Coss Y León','Femenino',3,'2025-08-12 07:32:08'),
(94,'Primitivo','Del Ángel','Soto','Masculino',3,'2025-08-12 07:32:08'),
(95,'Israel','Esteban','López','Masculino',3,'2025-08-12 07:32:08'),
(96,'Ángel Ignacio','Estrada','Lujano','Masculino',3,'2025-08-12 07:32:08'),
(97,'Eduardo','Estrada','Palomino','Masculino',3,'2025-08-12 07:32:08'),
(98,'Noé Cesar','Estrada','Quiroz','Masculino',3,'2025-08-12 07:32:08'),
(99,'Karla Angélica','García','Barrón','Femenino',3,'2025-08-12 07:32:08'),
(100,'Abigail','García','Rangel','Femenino',3,'2025-08-12 07:32:08'),
(101,'Guillermo','García','Rodríguez','Masculino',3,'2025-08-12 07:32:08'),
(102,'María Elena','García','Sotelo','Femenino',3,'2025-08-12 07:32:08'),
(103,'Gustavo Adolfo','Garnica','Arista','Masculino',3,'2025-08-12 07:32:08'),
(104,'Irma Yareni','Gómez','Fuentes','Femenino',3,'2025-08-12 07:32:08'),
(105,'Fernando','Gómez','Guerra','Masculino',3,'2025-08-12 07:32:08'),
(106,'Mónica','Gutiérrez','Del Real','Femenino',3,'2025-08-12 07:32:08'),
(107,'Guillermina','Hernández','Hernández','Femenino',3,'2025-08-12 07:32:08'),
(108,'María Raquel','Hernández','Segura','Femenino',3,'2025-08-12 07:32:08'),
(109,'José','Hurtado','Martínez','Masculino',3,'2025-08-12 07:32:08'),
(110,'Martha Patricia','Hurtado','Martínez','Femenino',3,'2025-08-12 07:32:08'),
(111,'Juan Manuel','Luna','Valle','Masculino',3,'2025-08-12 07:32:08'),
(112,'Juan Manuel Edmundo','Martínez','Camacho','Masculino',3,'2025-08-12 07:32:08'),
(113,'Juan Manuel','Meza','Muñoz','Masculino',3,'2025-08-12 07:32:08'),
(114,'Francisco','Meza','Navarro','Masculino',3,'2025-08-12 07:32:08'),
(115,'Adolfo','Montesinos','','Masculino',3,'2025-08-12 07:32:08'),
(116,'Víctor Ulises','Muñoz','Brizuela','Masculino',3,'2025-08-12 07:32:08'),
(117,'Hugo Alberto','Muñoz','Rodríguez','Masculino',3,'2025-08-12 07:32:08'),
(118,'Felipe','Ortega','Moreno','Masculino',3,'2025-08-12 07:32:08'),
(119,'Pablo Gregorio','Pérez','Campos','Masculino',3,'2025-08-12 07:32:08'),
(120,'Juan Antonio','Pérez','López','Masculino',3,'2025-08-12 07:32:08'),
(121,'Cesar Mauricio','Reyes','Mendoza','Masculino',3,'2025-08-12 07:32:08'),
(122,'Roberto','Robledo','Pérez','Masculino',3,'2025-08-12 07:32:08'),
(123,'Ana Cecilia','Ruiz','Segoviano','Femenino',3,'2025-08-12 07:32:08'),
(124,'Mónica','Salgado','Solís','Femenino',3,'2025-08-12 07:32:08'),
(125,'Francisco Héctor','Santos','Ruiz','Masculino',3,'2025-08-12 07:32:08'),
(126,'Margarita','Sarabia','Saldaña','Femenino',3,'2025-08-12 07:32:08'),
(127,'José Luis','Servín','Lara','Masculino',3,'2025-08-12 07:32:08'),
(128,'Leopoldo David','Tapia','Torres','Masculino',3,'2025-08-12 07:32:08'),
(129,'Lilia Angélica','Vázquez','Gutiérrez','Femenino',3,'2025-08-12 07:32:08'),
(130,'Bulmaro','Aranda','Cervantes','Masculino',4,'2025-08-12 07:32:08'),
(131,'Juan Carlos','Ayala','Martínez','Masculino',4,'2025-08-12 07:32:08'),
(132,'José Antonio','Calderón','Guzmán','Masculino',4,'2025-08-12 07:32:08'),
(133,'Miguel Ángel','Casillas','Araiza','Masculino',4,'2025-08-12 07:32:08'),
(134,'Josué','Del Valle','Hernández','Masculino',4,'2025-08-12 07:32:08'),
(135,'Luis Miguel','González','Ortiz','Masculino',4,'2025-08-12 07:32:08'),
(136,'Araceli','Guerrero','Cabrera','Femenino',4,'2025-08-12 07:32:08'),
(137,'Jesús','Hernández','Ibarra','Masculino',4,'2025-08-12 07:32:08'),
(138,'Gerardo De Jesús','Loza','Angulo','Masculino',4,'2025-08-12 07:32:08'),
(139,'Antonio','Martínez','Báez','Masculino',4,'2025-08-12 07:32:08'),
(140,'José De Jesús','Mayagoitia','Barragán','Masculino',4,'2025-08-12 07:32:08'),
(141,'Rogelio','Navarro','Rizo','Masculino',4,'2025-08-12 07:32:08'),
(142,'Adrián','Pérez','Benavidez','Masculino',4,'2025-08-12 07:32:08'),
(143,'Francisco Alejandro','Ramírez','Díaz','Masculino',4,'2025-08-12 07:32:08'),
(144,'Juan José','Ramírez','Zermeño','Masculino',4,'2025-08-12 07:32:08'),
(145,'Luis Omar','Rojas','Juárez','Masculino',4,'2025-08-12 07:32:08'),
(146,'Miguel','Rosales','Ciceña','Masculino',4,'2025-08-12 07:32:08'),
(147,'José Luis','Torres','Gutiérrez','Masculino',4,'2025-08-12 07:32:08'),
(148,'Rubén Eugenio','Valdivia','Hernández','Masculino',4,'2025-08-12 07:32:08'),
(149,'Juan Mauricio','Valtierra','Domínguez','Masculino',4,'2025-08-12 07:32:08'),
(150,'Ricardo','Vázquez','González','Masculino',4,'2025-08-12 07:32:08'),
(151,'José Luis','Villaseñor','Ortega','Masculino',4,'2025-08-12 07:32:08'),
(152,'Antonio','Zamarrón','Ramírez','Masculino',4,'2025-08-12 07:32:08'),
(153,'Gerardo','Gutiérrez','Torres','Masculino',4,'2025-08-12 07:32:08'),
(154,'Francisco','Chávez','Gutiérrez','Masculino',4,'2025-08-12 07:32:08'),
(155,'Sorangel','Fischer','Hernández','Femenino',4,'2025-08-12 07:32:08'),
(156,'Enrique','Hernández','Parra','Masculino',4,'2025-08-12 07:32:08'),
(157,'Sandra Jaqueline','López','Cervera','Femenino',4,'2025-08-12 07:32:08'),
(158,'Alan','López','Martínez','Masculino',4,'2025-08-12 07:32:08'),
(159,'Francisco Carlos','Mejía','Alanís','Masculino',4,'2025-08-12 07:32:08'),
(160,'Guillermo Eduardo','Méndez','Zamora','Masculino',4,'2025-08-12 07:32:08'),
(161,'Dante José','Migoni','León','Masculino',4,'2025-08-12 07:32:08'),
(162,'Jorge Daniel','Moreno','Gómez','Masculino',4,'2025-08-12 07:32:08'),
(163,'Hul','Padilla','Gómez','Masculino',4,'2025-08-12 07:32:08'),
(164,'Leonardo','Pérez','Mayen','Masculino',4,'2025-08-12 07:32:08'),
(165,'Marco Antonio','Pérez','Tovar','Masculino',4,'2025-08-12 07:32:08'),
(166,'HugoMarcel','Saavedra','Hernández','Masculino',4,'2025-08-12 07:32:08'),
(167,'Omar','Sistos','Iñiguez','Masculino',4,'2025-08-12 07:32:08'),
(168,'Osccar Salvador','Torres','Muñoz','Masculino',4,'2025-08-12 07:32:08'),
(169,'Alejandro','Torres','Pérez','Masculino',4,'2025-08-12 07:32:08'),
(170,'Carlos','Zamarripa','Ramírez','Masculino',4,'2025-08-12 07:32:08'),
(171,'Esteban','Orozco','','Masculino',4,'2025-08-12 07:32:08'),
(172,'Leonardo','Meza','Muñoz','Masculino',4,'2025-08-12 07:32:08'),
(173,'Gerardo David','Aguayo','Ríos','Masculino',5,'2025-08-12 07:32:08'),
(174,'Antonio','Águila','Reyes','Masculino',5,'2025-08-12 07:32:08'),
(175,'Juan Carlos','Aguilera','Cruz','Masculino',5,'2025-08-12 07:32:08'),
(176,'Efraín Guadalupe','Bermúdez','','Masculino',5,'2025-08-12 07:32:08'),
(177,'José De Jesús','Cardona','Delgado','Masculino',5,'2025-08-12 07:32:08'),
(178,'José Gerardo','Carpio','Flores','Masculino',5,'2025-08-12 07:32:08'),
(179,'Elizabeth','Castellanos','Nolasco','Femenino',5,'2025-08-12 07:32:08'),
(180,'Patricia María','Castillo','Martínez','Femenino',5,'2025-08-12 07:32:08'),
(181,'Elsa','Cuevas','Carrillo','Femenino',5,'2025-08-12 07:32:08'),
(182,'Juan Pablo','Cordero','Hernández','Masculino',5,'2025-08-12 07:32:08'),
(183,'Edgar Manuel','Delgado','Tolentino','Masculino',5,'2025-08-12 07:32:08'),
(184,'Luis Roberto','Gallegos','Muñoz','Masculino',5,'2025-08-12 07:32:08'),
(185,'Paola Virginia','Galván','Jaramillo','Femenino',5,'2025-08-12 07:32:08'),
(186,'Adolfo','Gamiño','Guerrero','Masculino',5,'2025-08-12 07:32:08'),
(187,'Domingo','García','Ornelas','Masculino',5,'2025-08-12 07:32:08'),
(188,'Alejandro','García','Trujillo','Masculino',5,'2025-08-12 07:32:08'),
(189,'Laura Patricia','Guevara','Rangel','Femenino',5,'2025-08-12 07:32:08'),
(190,'Luis Eduardo','Gutiérrez','Ayala','Masculino',5,'2025-08-12 07:32:08'),
(191,'Laura','Juárez','Guerra','Femenino',5,'2025-08-12 07:32:08'),
(192,'Luis Gabino','Landeros','Aranda','Masculino',5,'2025-08-12 07:32:08'),
(193,'Carlos Rafael','Levy','Rojas','Masculino',5,'2025-08-12 07:32:08'),
(194,'David Everardo','Lugo','Pedroza','Masculino',5,'2025-08-12 07:32:08'),
(195,'Eugenio Conrado','Marín','González','Masculino',5,'2025-08-12 07:32:08'),
(196,'Deny','Martínez','Trejo','Masculino',5,'2025-08-12 07:32:08'),
(197,'Ana Columba Zurita','Martínez','Aguilar','Femenino',5,'2025-08-12 07:32:08'),
(198,'José Elías','Martínez','Arias','Masculino',5,'2025-08-12 07:32:08'),
(199,'Edna Militza','Martínez','Prado','Femenino',5,'2025-08-12 07:32:08'),
(200,'Jorge','Mendoza','Zapata','Masculino',5,'2025-08-12 07:32:08'),
(201,'Roxana Noemí','Moreno','Real','Femenino',5,'2025-08-12 07:32:08'),
(202,'Juan Pablo','Murillo','Ruiz','Masculino',5,'2025-08-12 07:32:08'),
(203,'Angélica María','Ortiz','Gaucín','Femenino',5,'2025-08-12 07:32:08'),
(204,'Eduardo José','Pérez','Pintor','Masculino',5,'2025-08-12 07:32:08'),
(205,'Irma De Jesús','Ramírez','Álvarez','Femenino',5,'2025-08-12 07:32:08'),
(206,'Jesús Enrique','Ramírez','Méndez','Masculino',5,'2025-08-12 07:32:08'),
(207,'María Alicia','Ríos','Constantino','Femenino',5,'2025-08-12 07:32:08'),
(208,'Martha Alicia','Rocha','Sánchez','Femenino',5,'2025-08-12 07:32:08'),
(209,'José Alejandro','Rodríguez','Rentería','Masculino',5,'2025-08-12 07:32:08'),
(210,'Luz Del Carmen','Ruiz','Gaytán','Femenino',5,'2025-08-12 07:32:08'),
(211,'Ruth','Sáez De Nanclares','','Femenino',5,'2025-08-12 07:32:08'),
(212,'José De Jesús','Sandoval','Palomares','Masculino',5,'2025-08-12 07:32:08'),
(213,'María Concepción','Sandoval','Solís','Femenino',5,'2025-08-12 07:32:08'),
(214,'María Minerva','Saucedo','Torres','Femenino',5,'2025-08-12 07:32:08'),
(215,'Cirino','Silva','Tovar','Masculino',5,'2025-08-12 07:32:08'),
(216,'José Luis Fernando','Suarez Y Gómez','','Masculino',5,'2025-08-12 07:32:08'),
(217,'Verónica','Tapia','Ibarra','Femenino',5,'2025-08-12 07:32:08'),
(218,'Carlos Alberto','Trujillo','Castellanos','Masculino',5,'2025-08-12 07:32:08'),
(219,'María Magdalena','Valdivia','Murillo','Femenino',5,'2025-08-12 07:32:08'),
(220,'José Juan','Vallejo','Núñez','Masculino',5,'2025-08-12 07:32:08'),
(221,'Miguel Ángel','Vázquez','Rivas','Masculino',5,'2025-08-12 07:32:08'),
(222,'Miguel Ángel','Peña','López','Masculino',5,'2025-08-12 07:32:08'),
(223,'David Asael','Gutiérrez','Hernández','Masculino',6,'2025-08-12 07:32:08'),
(224,'Alfonso','Rojas','Domínguez','Masculino',6,'2025-08-12 07:32:08'),
(225,'Carlos','Lino','Ramírez','Masculino',6,'2025-08-12 07:32:08'),
(226,'Raúl','Santiago','Montero','Masculino',6,'2025-08-12 07:32:08'),
(227,'Héctor José','Puga','Soberanes','Masculino',6,'2025-08-12 07:32:08'),
(228,'Josué','Del Valle','Hernández','Masculino',6,'2025-08-12 07:32:08'),
(229,'Ignacio','Hernández','Bautista','Masculino',6,'2025-08-12 07:32:08'),
(230,'María Del Rosario','Baltazar','Flores','Femenino',6,'2025-08-12 07:32:08'),
(231,'Juan Francisco','Mosiño','','Masculino',6,'2025-08-12 07:32:08'),
(232,'Manuel','Ornelas','Rodríguez','Masculino',6,'2025-08-12 07:32:08'),
(233,'Víctor Manuel','Zamudio','Rodríguez','Masculino',6,'2025-08-12 07:32:08');


INSERT INTO `califications_to_teacher` VALUES
(61,185,'Buena docente, da seguimiento a las actividades, me tocó virtual en pandemia pero las clases me parecieron bastante adecuadas.','estructurado,monótono,amable,puntual',4.0,377,'c900e49a79c84b25223cd395e4ab258b','2025-08-20 02:28:48'),
(62,187,'Pasar la materia es bastante fácil, sigues a detalle todas las actividades del curso de Netacad, es bastante monotono y no aporta algún plus a la materia, podrías aprender lo mismo si tú solo haces el curso.','organizado,claro,monótono,paciente',4.0,410,'c900e49a79c84b25223cd395e4ab258b','2025-08-20 02:34:35'),
(63,210,'Buena docente, muy flexible en las entregas de los trabajos, te enseña bien y no te pone a exponer, si le pones atención aprendes muy bien, aunque es algo tímida.','recomendable,claro,empático',4.0,165,'c900e49a79c84b25223cd395e4ab258b','2025-08-20 02:46:02'),
(64,204,'Buen profesor, sabe mucho y te lo explica bastante bien, la materia es muy práctica, trabajan en equipo y responde bien a tus preguntas, es un poco estricto pero es buen docente.','recomendable,estructurado,puntual',4.0,385,'c900e49a79c84b25223cd395e4ab258b','2025-08-20 02:49:26'),
(65,233,'Buen maestro, sabe mucho y sabe bien cómo trasmitirlo sin abrumarte, es fácil pasar la materia y aprendes mucho si le pones atención. Recomendado','muy recomendable,interactivo,empático',5.0,162,'c900e49a79c84b25223cd395e4ab258b','2025-08-20 02:51:27'),
(66,9,'Buena profesora, explica bien, deja bastantes  ejercicios pero atiende perfecto todas tus dudas, solo debes poner atención y no faltar','claro,estructurado,amable',4.0,164,'c900e49a79c84b25223cd395e4ab258b','2025-08-20 03:16:26'),
(67,174,'Es un profe confuso si no tienes base de cálculo y no entras a sus clases. Dado que la materia tiene exámenes departamentales, el examen es el 60% y la tarea es el 40%.\n\nLa tarea consiste en la entrega de un número determinado de ejercicios, por ejemplo, 100 ejercicios que tú quieras o encuentres en libros. La verdad no es exigente con las tareas, lo que tiene más peso es el examen departamental.\n\nÉl explica la clase, pero su explicación suele ser confusa. Es recomendado si ya se tiene una base.','confuso,evitar,monótono,justo',3.0,162,'a1a8c0b2b6d67f36d02c5ecb50147c6f','2025-08-20 03:19:12'),
(68,198,'Las clases más aburridas del tec. Se la pasa hablando de cómo fundó el tecnológico y se acuerda de todo menos de la clase. Solo deja que hagan equipos, los pone a trabajar con cosas del aula virtual y se queda dormido el resto de la clase. \n\nA veces se hacen exposiciones, aprovecha cada comentario para contar otra historia de su vida y así las exposiciones se terminan extendiendo hasta 40 minutos, y 30 son de él hablando de su experiencia. \n','no recomendable,confuso,desorganizado,monótono',1.0,378,'a1a8c0b2b6d67f36d02c5ecb50147c6f','2025-08-20 03:25:10'),
(69,202,'Tuve la materia en pandemia, fué virtual pero le daba mucho peso a las asistencias, falté algunas veces y no ponía tanta atención, esa vez la reprobé pero en presencial la retomé y pasé muy fácil, si le pones atención si aprendes mucho, eñ profe sabe de lo que habla y te lo trasmite sin problema. Es algo estricto también.','recomendable,práctico,puntual',3.5,412,'c900e49a79c84b25223cd395e4ab258b','2025-08-20 03:29:02'),
(70,179,'La mejor docente para la materia. Muy recomendado si no tienes experiencia previa. Se cubre todo el temario completo, la evaluación es justa y aprendes con precisión lo necesario para el resto de materias de programación. No hay mejor forma de iniciar.\n\nSus clases son muy prácticas, sí explica teoría y a veces exponen en equipos, pero en general su clase es más práctica. El único defecto es que no se exploran más lenguajes además de java; ella cubre todo el temario solo con java, pero te motiva a investigar más lenguajes y replicar lo que se ve en clase con otros lenguajes.','muy recomendable,estructurado,motivador para mejorar,paciente',5.0,367,'a1a8c0b2b6d67f36d02c5ecb50147c6f','2025-08-20 03:30:53'),
(71,18,'Su método de enseñanza es bastante práctico, explica un poco la teoría pero solo la necesaria. En general se suele enfocar más a la resolución de ejercicios que a su explicación a nivel teórico. \nSu clase está muy bien organizada, cubre todo el temario, te prepara muy bien para los exámenes departamentales y las tareas son sencillas. En general te da un marco muy estructurado sobre el cual trabajar. No hay problemas de ambigüedades.\n\nCabe resaltar que la semana que es departamental, usa sus clases solamente para ver ejercicios de exámenes pasados y repasar. No se lo deja al grupo, como dije, es muy estructurado y no está preguntando \"Qué temas quieren repasar?\", sino que él directamente repasa todo y muestra los ejercicios relevantes. Lo cual ayuda bastante si el grupo no es muy participativo.\n\nAlgo a destacar, es que a veces deja ejercicios de puntos extra, por lo que al final siempre se tiene calificación adicional en caso de que no hayas obtenido el puntaje necesario en el examen o tareas. Por esta razón, es recomendable asistir con regularidad, pero tampoco es exigente en cuanto a faltas.','muy recomendable,estructurado,práctico,arrogante',4.5,162,'a1a8c0b2b6d67f36d02c5ecb50147c6f','2025-08-20 03:40:21'),
(72,227,'La mayoría de la clase se va en teoría, aunque más de eso suele ser en explicaciones y reflexiones que tiene el profe conforme ve al grupo. Casi no resolvimos ejercicios en clase, más bien nos mandaba listas de ejercicios por tema para hacer de tarea. En la clase se ven algunos ejemplos de los temas y el resto es explicación teórica o reflexión sobre las dudas que tienen los compañeros.\n\nAl ser una materia con exámenes departamentales, se supone que debería evaluar 60% examen y 40% trabajos, pero en su lugar es 60% examen y 40% criterio propio. Su criterio propio consiste en las listas de ejercicios que manda, pero además su \"percepción\", es decir, depende de tu participación o asistencia, no basta con que sepas y le entregues bien ejercicios o exámenes. Pasar la materia depende más de cómo interactúes en clase que de tu desempeño en el examen. \n\nNunca entregó ningún examen. Las listas de ejercicios son  extensas y solo revisó las de la primera unidad. Las de la unidad 2 no se las pidió a todos, solamente a los que iban mal en la unidad 1. Y en la unidad 3, ni siquiera las considero. \n\nLas listas tienen algunos ejercicios demandantes, pero si los logras hacer, es garantizado que pases el departamental. La verdad es un profe con rigor y aunque no se ven muchos ejercicios en clase, si pones atención o preguntas sí puedes resolver los ejercicios de las listas y por ende pasar el examen.\n\nEn general no evalúa por unidad, salvo la primera. Cuando empieza a ver que hay deserción en el grupo, decide evaluar el curso en general, y eso puede ser para bien en caso de que no te vaya tan bien en exámenes o para mal en caso de que esperes una estructura de evaluación más clara.\n\nSe dice que te pasa si nunca dejas de ir pero no es verdad, incluso si siempre vas, todo depende de su \"criterio propio\". Aunque claro, si sacaste bien todos los exámenes y le entregaste algunos ejercicios obviamente pasas independientemente de su criterio propio. ','subjetivo,motivador para mejorar,crítico,preparado',3.5,163,'a1a8c0b2b6d67f36d02c5ecb50147c6f','2025-08-20 03:56:47'),
(73,205,'Aprendes bien si le pones atención, aunque personalemente creo que te va mejor si le caes bien, lo cual puede ser buuo  o malo según lo veas.\nMuy conservadora por cierto','claro,respetuoso,paciente',3.5,368,'c900e49a79c84b25223cd395e4ab258b','2025-08-20 04:06:49'),
(74,180,'Es buena docente, la materia esta muy pasable siempre y cuando pongas de tu parte, no te va a dar un plus, lo puedes aprender tu solo sin problema.','claro,monótono,amable',3.5,369,'c900e49a79c84b25223cd395e4ab258b','2025-08-20 04:08:36'),
(75,189,'es atenta, la materia está muy fácil algunas exposiciones y al final nos dejó hacer un producto, nosotros hicmos mermelada de piña ','accesible,paciente',4.0,176,'c900e49a79c84b25223cd395e4ab258b','2025-08-20 04:09:56'),
(76,210,'Si bien no es la más extrovertida para explicar, la verdad es que realmente se interesa por el aprendizaje de sus alumnos. No solo por el aprendizaje de los temas del curso que imparte, sino que incluso incentiva dando puntos extra a los alumnos que realicen algún curso/certificación que contribuya a su perfil profesional.\n\nEs una docente muy amable y su forma de trabajar es sencilla pero estructurada. En la clase, ella explica temas correspondientes y luego deja una práctica de programación. Los exámenes son muy simples si asistes a las clases, puesto que consisten comúnmente en pocas preguntas de teoría y un programa que implemente los temas que se vieron en la unidad.\n\nEs bastante puntual tanto para calificar como para entregar resultados. Puedes estar consciente de tus resultados en cada unidad, sin hacerte esperar.','muy recomendable,claro,motivador para mejorar,empático',5.0,411,'a1a8c0b2b6d67f36d02c5ecb50147c6f','2025-08-20 04:15:44'),
(77,227,'Me tocó la clase en virtual, la verdad que si bien, el doctor sabe mucho, solo nos envió una lista de ejercicios y muchos videos de youtube, auqnue cualquier pregunta si te atendía sin problema. Mismos exámenes de cada semestre, incluso los mismos ejercicios','claro,estructurado,solo teórico',3.5,361,'c900e49a79c84b25223cd395e4ab258b','2025-08-21 00:38:03'),
(78,210,'Nos impartió la materia correctamente, es muy buena onda, es amable aunque muy introvertida, aprendes si le pones atención y siempre es flexible en cuánto a tiempos de entrega.','recomendable,interactivo,accesible',5.0,394,'c900e49a79c84b25223cd395e4ab258b','2025-08-21 00:40:00'),
(79,204,'Buen docente, muy práctico, deja ejercicios en libreta, en simulación con multisim y en un circuito real, al final le entregan el reporte de práctica. Todo es en equipo, así que pilas. Los exámenes están bastante fáciles aunque algunos tienen truco, pero si haces las prácticas no te pierdes.','claro,estructurado,interactivo',4.0,383,'c900e49a79c84b25223cd395e4ab258b','2025-08-21 00:41:59'),
(80,180,'Buena maestra, aunque debes cumplir en todo, la mayoría de cosas es exponer, deja algunos proyectos y deben trabajarlo en equipo. Cuenta bastante la asistencia.','claro,práctico,dinámico',3.5,379,'c900e49a79c84b25223cd395e4ab258b','2025-08-21 00:43:47');
